id;title;persons;sale_price;price;price_for;thumbnail;images;city;address;metro_station
1;10-местный общий номер;10;550;650;1;http://okrughostel.ru/wp-content/uploads/photo-gallery/thumb/%D0%BE%D0%B1%D1%89%D0%B8%D0%B9_8-%D0%BC%D0%B5%D1%81%D1%82%D0%BD%D1%8B%D0%B9_%D0%BD%D0%BE%D0%BC%D0%B5%D1%80_%D0%B4%D0%BB%D1%8F_%D0%BC%D1%83%D0%B6%D1%87%D0%B8%D0%BD_%D0%B8_%D0%B6%D0%B5%D0%BD%D1%89%D0%B8%D0%BD_5.jpg;http://okrughostel.ru/wp-content/uploads/photo-gallery/%D0%BE%D0%B1%D1%89%D0%B8%D0%B9_8-%D0%BC%D0%B5%D1%81%D1%82%D0%BD%D1%8B%D0%B9_%D0%BD%D0%BE%D0%BC%D0%B5%D1%80_%D0%B4%D0%BB%D1%8F_%D0%BC%D1%83%D0%B6%D1%87%D0%B8%D0%BD_%D0%B8_%D0%B6%D0%B5%D0%BD%D1%89%D0%B8%D0%BD_6.jpg;Москва;г. Москва, Дмитровское шоссе, д.50 корп.1 (отдельный вход в правом крыле дома);Окружная
2;8-местный общий номер;8;650;750;1;http://okrughostel.ru/wp-content/uploads/photo-gallery/%D0%BD%D0%BE%D0%BC%D0%B5%D1%80_4.jpg;;Москва;г. Москва, Дмитровское шоссе, д.50 корп.1 (отдельный вход в правом крыле дома);Окружная
3;6-местный общий номер;6;750;850;1;http://okrughostel.ru/wp-content/uploads/photo-gallery/8_%D0%BC%D0%B5%D1%81%D1%82%D0%BD%D1%8B%D0%B9_%D0%BE%D0%B1%D1%89%D0%B8%D0%B9.jpg;;Москва;г. Москва, Дмитровское шоссе, д.50 корп.1 (отдельный вход в правом крыле дома);Окружная
4;2-местный номер;2;2100;2400;Цена указана за номер;http://okrughostel.ru/wp-content/uploads/photo-gallery/%D0%9F%D0%B0%D0%BD%D0%BE%D1%80%D0%B0%D0%BC%D0%B0_%D0%B1%D0%B5%D0%B7_%D0%BD%D0%B0%D0%B7%D0%B2%D0%B0%D0%BD%D0%B8%D1%8F1%D0%B2%D0%B5%D0%B1.JPG;http://okrughostel.ru/wp-content/uploads/photo-gallery/%D0%9F%D0%B0%D0%BD%D0%BE%D1%80%D0%B0%D0%BC%D0%B0_%D0%B1%D0%B5%D0%B7_%D0%BD%D0%B0%D0%B7%D0%B2%D0%B0%D0%BD%D0%B8%D1%8F1.JPG;Москва;г. Москва, Дмитровское шоссе, д.50 корп.1 (отдельный вход в правом крыле дома);Окружная
5;"Общий номер на 
8 человек";8;650;850;1;https://pp.userapi.com/c638627/v638627049/2826e/XJI6vetbWn0.jpg;https://pp.userapi.com/c638627/v638627049/2828c/kR1nDQzJaR8.jpg, https://pp.userapi.com/c638627/v638627049/28278/BbEkDdEbKks.jpg;Москва;"г. Москва, ул. Сельскохозяйственная, 
дом 11, корпус 1";Ботанический сад
6;"Общий номер на 
8 человек";8;650;850;1;https://pp.userapi.com/c638627/v638627049/281e2/s3rO_ChWE9s.jpg;https://pp.userapi.com/c638627/v638627049/281ec/xmRbZYBTYZs.jpg, https://pp.userapi.com/c638627/v638627049/281f6/wEXHmIYZyUc.jpg, https://pp.userapi.com/c638627/v638627049/28200/U8v8C2RJSrA.jpg,;Москва;"г. Москва, ул. Сельскохозяйственная, 
дом 11, корпус 1";Ботанический сад
7;"Общий номер на 
6 человек";6;650;850;1;https://pp.userapi.com/c638627/v638627049/28214/yK7aI0Xjhck.jpg;https://pp.userapi.com/c638627/v638627049/2820a/aRXBJYyzsOs.jpg, https://pp.userapi.com/c638627/v638627049/2821e/_55bTzMhV34.jpg,;Москва;"г. Москва, ул. Сельскохозяйственная, 
дом 11, корпус 1";Ботанический сад
8;"Общий номер на 
6 человек";6;650;850;1;https://pp.userapi.com/c638627/v638627049/2823c/OJyPfo8XVUQ.jpg;https://pp.userapi.com/c638627/v638627049/28232/5f35iVtzPpw.jpg, https://pp.userapi.com/c638627/v638627049/28228/WdsLcVELoQ0.jpg, https://pp.userapi.com/c638627/v638627049/28246/05eFpi2Pamg.jpg, https://pp.userapi.com/c638627/v638627049/2825a/2aBQTCI84Qs.jpg,;Москва;"г. Москва, ул. Сельскохозяйственная, 
дом 11, корпус 1";Ботанический сад
9;2 местный номер;2;2500;3000;2;https://pp.userapi.com/c638627/v638627049/2814c/6znu9WkSflo.jpg;https://pp.userapi.com/c638627/v638627049/28142/N72OAIxpCQo.jpg, https://pp.userapi.com/c638627/v638627049/28156/6F_IkL-9szI.jpg;Москва;"г. Москва, ул. Сельскохозяйственная, 
дом 11, корпус 1";Ботанический сад
10;8-местный общий номер;8;550;700;1;https://hostelzvbulvar.ru/wp-content/uploads/photo-gallery/IMG_0586.JPG;;Москва;г. Москва, ул. Кондратюка, д. 9, корп. 2;ВДНХ
11;6-местный общий номер;6;600;750;1;https://hostelzvbulvar.ru/wp-content/uploads/photo-gallery/IMG_0594.JPG;;Москва;г. Москва, ул. Кондратюка, д. 9, корп. 2;ВДНХ
12;4-местный общий номер;4;650;800;1;https://hostelzvbulvar.ru/wp-content/uploads/photo-gallery/IMG_0585.JPG;;Москва;г. Москва, ул. Кондратюка, д. 9, корп. 2;ВДНХ
13;10-местный общий номер;10;490;600;1;https://pp.userapi.com/c850624/v850624470/162839/3CWl6f9SUHo.jpg;https://pp.userapi.com/c850624/v850624470/16282f/1IXmRgT9aTs.jpg, https://pp.userapi.com/c850624/v850624470/162843/57R-5cx9Gt4.jpg, https://pp.userapi.com/c850624/v850624470/16284d/rXsRx7j1NaQ.jpg, https://pp.userapi.com/c850624/v850624470/162857/XQ_rDjLzrj0.jpg, https://dynamo-hostel.ru/wp-content/uploads/photo-gallery/IMG_20190629_112108.jpg;Москва;г. Москва, Старый Петровско-Разумовский проезд, д.10;Динамо
14;8-местный общий номер;8;500;650;1;https://dynamo-hostel.ru/wp-content/uploads/photo-gallery/8-%D0%BA%D0%B0.jpg;https://dynamo-hostel.ru/wp-content/uploads/photo-gallery/%D1%81%D0%BF%D0%B0%D0%BB%D1%8C%D0%BD%D0%BE%D0%B5_%D0%BC%D0%B5%D1%81%D1%82%D0%BE%20(1).jpg, https://dynamo-hostel.ru/wp-content/uploads/photo-gallery/8.jpg, https://dynamo-hostel.ru/wp-content/uploads/photo-gallery/IMG_20190629_111850.jpg,;Москва;г. Москва, Старый Петровско-Разумовский проезд, д.10;Динамо
15;6-местный общий номер;6;550;700;1;https://dynamo-hostel.ru/wp-content/uploads/photo-gallery/6-1.jpg;https://dynamo-hostel.ru/wp-content/uploads/photo-gallery/6-%D0%BA%D0%B0.jpg, https://dynamo-hostel.ru/wp-content/uploads/photo-gallery/6.jpg, https://dynamo-hostel.ru/wp-content/uploads/photo-gallery/%D1%81%D0%BF%D0%B0%D0%BB%D1%8C%D0%BD%D0%BE%D0%B5_%D0%BC%D0%B5%D1%81%D1%82%D0%BE%20(2).jpg;Москва;г. Москва, Старый Петровско-Разумовский проезд, д.10;Динамо
16;4-местный общий номер;4;600;750;1;https://dynamo-hostel.ru/wp-content/uploads/photo-gallery/4_%D0%BC1.jpg;https://dynamo-hostel.ru/wp-content/uploads/photo-gallery/4.jpg;Москва;г. Москва, Старый Петровско-Разумовский проезд, д.10;Динамо
17;"4-местный номер для мужчин
";4;650;800;1;https://dynamo-hostel.ru/wp-content/uploads/photo-gallery/4_%D0%BC3.jpg;https://dynamo-hostel.ru/wp-content/uploads/photo-gallery/%D1%81%D0%BF%D0%B0%D0%BB%D1%8C%D0%BD%D0%BE%D0%B5_%D0%BC%D0%B5%D1%81%D1%82%D0%BE_1%20(1).jpg, https://dynamo-hostel.ru/wp-content/uploads/photo-gallery/4%D0%BC%20(1).jpg;Москва;г. Москва, Старый Петровско-Разумовский проезд, д.10;Динамо
18;4-местный номер для женщин;4;650;800;1;https://dynamo-hostel.ru/wp-content/uploads/photo-gallery/thumb/4_%D0%B62.jpg;https://dynamo-hostel.ru/wp-content/uploads/photo-gallery/%D1%81%D0%BF%D0%B0%D0%BB%D1%8C%D0%BD%D0%BE%D0%B5_%D0%BC%D0%B5%D1%81%D1%82%D0%BE_1.jpg, https://dynamo-hostel.ru/wp-content/uploads/photo-gallery/%D0%B6%D0%B5%D0%BD%D1%81%D0%BA%D0%B8%D0%B9_4.jpg, https://dynamo-hostel.ru/wp-content/uploads/photo-gallery/%D0%B6%D0%B5%D0%BD_4%20(1).jpg;Москва;г. Москва, Старый Петровско-Разумовский проезд, д.10;Динамо
19;2-местный номер с 1-ой двухъярусной кроватью для мужчин;2;700;850;1;https://dynamo-hostel.ru/wp-content/uploads/photo-gallery/2_%D0%B61.jpg;https://dynamo-hostel.ru/wp-content/uploads/photo-gallery/%D1%81%D0%BF%D0%B0%D0%BB%D1%8C%D0%BD%D0%BE%D0%B5_%D0%BC%D0%B5%D1%81%D1%82%D0%BE_1%20(2).jpg, https://dynamo-hostel.ru/wp-content/uploads/photo-gallery/2%D0%BC%20(1).jpg, https://dynamo-hostel.ru/wp-content/uploads/photo-gallery/2_%D0%B6%20(1).jpg,;Москва;г. Москва, Старый Петровско-Разумовский проезд, д.10;Динамо
20;2-местный номер с 1-ой двухъярусной кроватью для женщин;2;700;850;1;https://dynamo-hostel.ru/wp-content/uploads/photo-gallery/2%D0%B6.jpg;https://dynamo-hostel.ru/wp-content/uploads/photo-gallery/2_%D0%B62%20(2).jpg, https://dynamo-hostel.ru/wp-content/uploads/photo-gallery/%D1%81%D0%BF%D0%B0%D0%BB%D1%8C%D0%BD%D0%BE%D0%B5_%D0%BC%D0%B5%D1%81%D1%82%D0%BE%20(3).jpg, https://dynamo-hostel.ru/wp-content/uploads/photo-gallery/IMG_20190629_013435%20(1).jpg, https://dynamo-hostel.ru/wp-content/uploads/photo-gallery/IMG_20190629_013508%20(1).jpg, https://dynamo-hostel.ru/wp-content/uploads/photo-gallery/IMG_20190629_013548%20(1).jpg;Москва;г. Москва, Старый Петровско-Разумовский проезд, д.10;Динамо
21;2-местный номер с 1 двуспальной кроватью;2;2400;3500;Цена указана за номер;https://dynamo-hostel.ru/wp-content/uploads/photo-gallery/%D0%B4%D0%B0%D0%B1%D0%BB%20(1).jpg;https://dynamo-hostel.ru/wp-content/uploads/photo-gallery/%D0%B4%D0%B0%D0%B1%D0%BB_2%20(1).jpg, https://dynamo-hostel.ru/wp-content/uploads/photo-gallery/%D0%B4%D0%B0%D0%B1%D0%BB_1%20(3).jpg, https://dynamo-hostel.ru/wp-content/uploads/photo-gallery/IMG_20190626_023158%20(1).jpg;Москва;г. Москва, Старый Петровско-Разумовский проезд, д.10;Динамо
22;Женский номер на 6 человек;6;800;900;1;https://belhostelsrus.ru/wp-content/uploads/photo-gallery/17.jpg;;Москва;"Москва, Новолесной переулок, дом 5
(Вход со стороны Новолесного переулка)";Белорусская
23;"Мужской номер на 8 человек
";8;700;800;1;https://belhostelsrus.ru/wp-content/uploads/photo-gallery/13.jpg;https://belhostelsrus.ru/wp-content/uploads/photo-gallery/14.jpg;Москва;"Москва, Новолесной переулок, дом 5
(Вход со стороны Новолесного переулка)";Белорусская
24;4 номера на 10 человек (по два, женских и мужских);10;500;600;1;https://belhostelsrus.ru/wp-content/uploads/photo-gallery/10.jpg;https://belhostelsrus.ru/wp-content/uploads/photo-gallery/11.jpg, https://belhostelsrus.ru/wp-content/uploads/photo-gallery/12.jpg,;Москва;"Москва, Новолесной переулок, дом 5
(Вход со стороны Новолесного переулка)";Белорусская
25;Двухместный номер (без окна);2;2000;3000;Цена указана за номер;https://belhostelsrus.ru/wp-content/uploads/photo-gallery/16.jpg;https://belhostelsrus.ru/wp-content/uploads/photo-gallery/15.jpg, ;Москва;"Москва, Новолесной переулок, дом 5
(Вход со стороны Новолесного переулка)";Белорусская
26;ПАРИЖ - 4-х местный женский номер;4;-;750;1;http://www.hostelsuh.ru/upload/iblock/a62/a62e57769e589f7f3227ffe54d906bdd.jpg;http://www.hostelsuh.ru/upload/iblock/966/966e443480fd350a72e52dbb49d089b8.JPG, http://www.hostelsuh.ru/upload/iblock/905/905d2cfa0cc6802173c5733ca0281338.jpg, http://www.hostelsuh.ru/upload/iblock/f9f/f9f3432b80249c2e00c8cc4968e3b9c9.jpg;Москва;г. Москва, Проспект Мира, д. 7 стр. 3;Сухаревская
27;НЬЮ-ЙОРК - 4-х местный мужской номер;4;-;750;1;http://www.hostelsuh.ru/upload/iblock/7e5/7e503f37ec9c18b0a06d755aee4c0b42.JPG;http://www.hostelsuh.ru/upload/iblock/1d9/1d9e63839c20169e5ae97657bd640e42.JPG, http://www.hostelsuh.ru/upload/iblock/83f/83fdf88b686709de274c3a12d4551f3c.jpg, http://www.hostelsuh.ru/upload/iblock/497/49794d22b916e73c33ba8635ca4427ab.jpg, http://www.hostelsuh.ru/upload/iblock/93f/93f3fae88506625a8b0aeb628f485d27.jpg, http://www.hostelsuh.ru/upload/iblock/0c5/0c5cdad7fdc85151e0a73e6ca74b5ceb.JPG,;Москва;г. Москва, Проспект Мира, д. 7 стр. 3;Сухаревская
28;ЛОНДОН - общий 6-ти местный номер;6;-;549;1;http://www.hostelsuh.ru/upload/iblock/110/11094b7e277711c13f22996a451e300d.jpg;http://www.hostelsuh.ru/upload/iblock/e1e/e1e67179da4f6bfe9aeed4d2f353020b.JPG, http://www.hostelsuh.ru/upload/iblock/af3/af34f975cae57871eb33b10394fead0e.jpg, http://www.hostelsuh.ru/upload/iblock/6fe/6fef4d207b73883c2d73956bcf349da4.jpg;Москва;г. Москва, Проспект Мира, д. 7 стр. 3;Сухаревская
29;БАРСЕЛОНА - 3х местный семейный номер;3;-;3000;3;http://www.hostelsuh.ru/upload/iblock/3b3/3b3baaa1c083bab2c6ce30679625b020.JPG;http://www.hostelsuh.ru/upload/iblock/1be/1be761c3d7ee9c60e4912ab15374d09b.jpg, http://www.hostelsuh.ru/upload/iblock/150/150e4549c89d0da913d1acc274f6eefa.jpg, http://www.hostelsuh.ru/upload/iblock/592/59215aef2db1aaad82104fd659ef1c88.jpg, http://www.hostelsuh.ru/upload/iblock/530/5308f5138daeb44afc62a52b4c03a70e.JPG, http://www.hostelsuh.ru/upload/iblock/496/496b9f2818ea99473fc4738c0b7d3bd7.jpg;Москва;г. Москва, Проспект Мира, д. 7 стр. 3;Сухаревская
30;ПРАГА - 4х местный мужской номер;4;-;750;1;http://www.hostelsuh.ru/upload/iblock/690/690925e3cab5582891a912bcb6f96c61.jpg;http://www.hostelsuh.ru/upload/iblock/af2/af2ffb5ff685c93d68deecf648571472.JPG, http://www.hostelsuh.ru/upload/iblock/443/443a5208c79197b39a67404c2f53bd8d.jpg;Москва;г. Москва, Проспект Мира, д. 7 стр. 3;Сухаревская
31;РИО-ДЕ-ЖАНЕЙРО - 2х спальный семейный номер;2;-;2900;2;http://www.hostelsuh.ru/upload/iblock/e79/e790e42b9369ff825d6fa48f7c8c71ca.jpg;http://www.hostelsuh.ru/upload/iblock/e3e/e3e2ea99fe3c88a5893548e422b06916.JPG, http://www.hostelsuh.ru/upload/iblock/2c6/2c6cb71987fa6bade01d111c3ff9dc95.JPG, http://www.hostelsuh.ru/upload/iblock/1f4/1f4bc7d88991104c522eeb10b16ccf37.JPG, http://www.hostelsuh.ru/upload/iblock/14c/14c12b4f922d6a9be0703e08e8c4ae41.JPG;Москва;г. Москва, Проспект Мира, д. 7 стр. 3;Сухаревская
32;МОСКВА - 6-ти местный мужской номер;6;-;650;1;http://www.hostelsuh.ru/upload/iblock/3e2/3e2f8adbd3a32fd6017c521befd3967f.jpg;http://www.hostelsuh.ru/upload/iblock/28d/28d8000316b66b839528111faaf30a84.jpg, http://www.hostelsuh.ru/upload/iblock/f33/f3380a044770cb246c74a6d170976b48.jpg, http://www.hostelsuh.ru/upload/iblock/577/5774dfc3d2e9d37235f47671170622a7.jpg;Москва;г. Москва, Проспект Мира, д. 7 стр. 3;Сухаревская
33;АФИНЫ - 4-х местный мужской номер;4;-;750;1;http://www.hostelsuh.ru/upload/iblock/4a0/4a0039f402949435f98d3486a7be061a.jpg;http://www.hostelsuh.ru/upload/iblock/4a0/4a0039f402949435f98d3486a7be061a.jpg, http://www.hostelsuh.ru/upload/iblock/cb9/cb94ac755db6298ec758f4c064fa6dc4.jpg, http://www.hostelsuh.ru/upload/iblock/c57/c57173dd540efafe8d6f4a1ff3500ee4.JPG;Москва;г. Москва, Проспект Мира, д. 7 стр. 3;Сухаревская
34;ТОКИО - 6-ти местный женский номер;6;-;650;1;http://www.hostelsuh.ru/upload/iblock/a0e/a0e6757b7afb8469a1ca20a5a8d65d79.jpg;http://www.hostelsuh.ru/upload/iblock/fe4/fe446001ec0926d3bef159521b7c348c.jpg, http://www.hostelsuh.ru/upload/iblock/051/05126ecffb7371fd5c715d015eadfb8c.jpg, http://www.hostelsuh.ru/upload/iblock/fde/fdead39b3b205ce10106638658aadd2d.jpg;Москва;г. Москва, Проспект Мира, д. 7 стр. 3;Сухаревская
35;РИМ - 6-ти местный женский номер;6;-;650;1;http://www.hostelsuh.ru/upload/iblock/a0a/a0a00752081e7749291e8571625a2c71.jpg;http://www.hostelsuh.ru/upload/iblock/a37/a376492d4f7c65c20fd281f4550245bf.jpg, http://www.hostelsuh.ru/upload/iblock/ca1/ca1b96cacbaa38bfbb4e4a2c0049f63c.jpg, http://www.hostelsuh.ru/upload/iblock/03c/03c9d4fbb73567658ad505df5ffa7654.jpg, http://www.hostelsuh.ru/upload/iblock/7a4/7a43bf2a88ec8e8a22d7bed06df60050.jpg;Москва;г. Москва, Проспект Мира, д. 7 стр. 3;Сухаревская
36;Двухместный номер;2;2500;2990;2 (при вселении 1 человека 2 т.р.);http://www.hrkazanskiy.ru/wp-content/uploads/photo-gallery/thumb/IMG_20180121_153150().jpg;http://www.hrkazanskiy.ru/wp-content/uploads/photo-gallery/IMG_20180121_153150().jpg, http://www.hrkazanskiy.ru/wp-content/uploads/photo-gallery/IMG_20180121_153444().jpg, http://www.hrkazanskiy.ru/wp-content/uploads/photo-gallery/IMG_20180121_154527(.jpg;Москва;г. Москва ул.Новорязанская, д.16/11, стр.1, подъезд 5, этаж 2 (вход со двора, набрать на домофоне 1);Комсомольская
37;6-местный общий номер;6;690;790;1;http://www.hrkazanskiy.ru/wp-content/uploads/photo-gallery/6.jpg;;Москва;г. Москва ул.Новорязанская, д.16/11, стр.1, подъезд 5, этаж 2 (вход со двора, набрать на домофоне 1);Комсомольская
38;8-местный женский номер;8;620;690;1;http://www.hrkazanskiy.ru/wp-content/uploads/photo-gallery/5.jpg;;Москва;г. Москва ул.Новорязанская, д.16/11, стр.1, подъезд 5, этаж 2 (вход со двора, набрать на домофоне 1);Комсомольская
39;8-местный общий номер;8;620;690;1;http://www.hrkazanskiy.ru/wp-content/uploads/photo-gallery/IMG_20180121_131603().jpg;;Москва;г. Москва ул.Новорязанская, д.16/11, стр.1, подъезд 5, этаж 2 (вход со двора, набрать на домофоне 1);Комсомольская
40;10-местный мужской номер;10;590;650;1;http://www.hrkazanskiy.ru/wp-content/uploads/photo-gallery/14.jpg;http://www.hrkazanskiy.ru/wp-content/uploads/photo-gallery/13.jpg, http://www.hrkazanskiy.ru/wp-content/uploads/photo-gallery/15.jpg,;Москва;г. Москва ул.Новорязанская, д.16/11, стр.1, подъезд 5, этаж 2 (вход со двора, набрать на домофоне 1);Комсомольская
41;12-местный общий номер;10 (дополнительно 2 места для детей 550р.);590;650;1;http://www.hrkazanskiy.ru/wp-content/uploads/photo-gallery/2.jpg;http://www.hrkazanskiy.ru/wp-content/uploads/photo-gallery/IMG_20180121_131603().jpg, http://www.hrkazanskiy.ru/wp-content/uploads/photo-gallery/1.jpg;Москва;г. Москва ул.Новорязанская, д.16/11, стр.1, подъезд 5, этаж 2 (вход со двора, набрать на домофоне 1);Комсомольская
42;2-х местные общие номера;2;1800;2000;Цена указана за номер;http://hostellefortovo.ru/wp-content/uploads/photo-gallery/88871334.jpg;http://hostellefortovo.ru/wp-content/uploads/photo-gallery/88871332.jpg, http://hostellefortovo.ru/wp-content/uploads/photo-gallery/88871331.jpg, http://hostellefortovo.ru/wp-content/uploads/photo-gallery/imported_from_media_libray//IMG_8714.jpg, http://hostellefortovo.ru/wp-content/uploads/photo-gallery/imported_from_media_libray//IMG_8708%20(1).jpg, http://hostellefortovo.ru/wp-content/uploads/photo-gallery/IMG_8695.jpg, http://hostellefortovo.ru/wp-content/uploads/photo-gallery/imported_from_media_libray//IMG_8655.jpg, http://hostellefortovo.ru/wp-content/uploads/photo-gallery/imported_from_media_libray//IMG_8643.jpg;Москва;г. Москва, улица Бауманская, дом 56/17;Бауманская
43;4-х местный семейный номер;4;1800;2500;2;http://hostellefortovo.ru/wp-content/uploads/photo-gallery/imported_from_media_libray//DSC_11131.jpg;http://hostellefortovo.ru/wp-content/uploads/photo-gallery/imported_from_media_libray//DSC_11141.jpg, http://hostellefortovo.ru/wp-content/uploads/photo-gallery/imported_from_media_libray//IMG_20190210_124733%20(1).jpg, http://hostellefortovo.ru/wp-content/uploads/photo-gallery/imported_from_media_libray//IMG_8822%20(1).jpg;Москва;г. Москва, улица Бауманская, дом 56/17;Бауманская
44;4-х местные номера;4;700;850;1;http://hostellefortovo.ru/wp-content/uploads/photo-gallery/imported_from_media_libray//IMG_9051.jpg;http://hostellefortovo.ru/wp-content/uploads/photo-gallery/DSC_1177.JPG, http://hostellefortovo.ru/wp-content/uploads/photo-gallery/imported_from_media_libray//IMG_9056.jpg, http://hostellefortovo.ru/wp-content/uploads/photo-gallery/DSC_1163.JPG, http://hostellefortovo.ru/wp-content/uploads/photo-gallery/DSC_1162.JPG, http://hostellefortovo.ru/wp-content/uploads/photo-gallery/imported_from_media_libray//IMG_8846.jpg, http://hostellefortovo.ru/wp-content/uploads/photo-gallery/imported_from_media_libray//IMG_9058%20(1).jpg, http://hostellefortovo.ru/wp-content/uploads/photo-gallery/imported_from_media_libray//IMG_9061.jpg, http://hostellefortovo.ru/wp-content/uploads/photo-gallery/P3300012.JPG, http://hostellefortovo.ru/wp-content/uploads/photo-gallery/DSC_1232.JPG;Москва;г. Москва, улица Бауманская, дом 56/17;Бауманская
45;10-местный номер общий;10;500;600;1;http://hostellefortovo.ru/wp-content/uploads/photo-gallery/imported_from_media_libray//IMG_8841.jpg;http://hostellefortovo.ru/wp-content/uploads/photo-gallery/imported_from_media_libray//IMG_8815%20(1).jpg, http://hostellefortovo.ru/wp-content/uploads/photo-gallery/imported_from_media_libray//IMG_8837%20(1).jpg;Москва;г. Москва, улица Бауманская, дом 56/17;Бауманская
46;10-местный номер мужской;10;500;600;1;http://hostellefortovo.ru/wp-content/uploads/photo-gallery/imported_from_media_libray//IMG_8549.jpg;http://hostellefortovo.ru/wp-content/uploads/photo-gallery/imported_from_media_libray//IMG_8558.jpg;Москва;г. Москва, улица Бауманская, дом 56/17;Бауманская
47;14 - местный номер общий;14;485;500;1;http://www.aviatorhostel.ru/images/sl_17.jpg;;Москва;г. Москва, ул. Ольховская д.14, стр.5;Бауманская
48;8 - местный мужской, женский;8;529;600;1;http://www.aviatorhostel.ru/images/sl_5.jpg;http://www.aviatorhostel.ru/images/sl_6.jpg, http://www.aviatorhostel.ru/images/sl_7.jpg, http://www.aviatorhostel.ru/images/sl_8.jpg, http://www.aviatorhostel.ru/images/sl_9.jpg, http://www.aviatorhostel.ru/images/sl_17.jpg, http://www.aviatorhostel.ru/images/sl_18.jpg, http://www.aviatorhostel.ru/images/sl_19.jpg, http://www.aviatorhostel.ru/images/sl_20.jpg, http://www.aviatorhostel.ru/images/sl_21.jpg;Москва;г. Москва, ул. Ольховская д.14, стр.5;Бауманская
49;6 - местный мужской, женский;6;569;700;1;http://www.aviatorhostel.ru/images/sl_13.jpg;http://www.aviatorhostel.ru/images/sl_14.jpg, http://www.aviatorhostel.ru/images/sl_15.jpg, http://www.aviatorhostel.ru/images/sl_16.jpg;Москва;г. Москва, ул. Ольховская д.14, стр.5;Бауманская
50;2 - местный номер категории эконом;2;1890 (при бонировании от 3х суток);2500;2;http://www.aviatorhostel.ru/images/sl_2.jpg;http://www.aviatorhostel.ru/images/sl_3.jpg, http://www.aviatorhostel.ru/images/sl_4.jpg;Москва;г. Москва, ул. Ольховская д.14, стр.5;Бауманская
51;2 - местный номер категории стандарт;2;2190;2700;2;http://www.aviatorhostel.ru/images/sl_39.jpg;http://www.aviatorhostel.ru/images/sl_40.jpg, http://www.aviatorhostel.ru/images/sl_41.jpg;Москва;г. Москва, ул. Ольховская д.14, стр.5;Бауманская
52;2 - местный номер категории комфорт;2;2495;3000;2;http://www.aviatorhostel.ru/images/sl_27.jpg;http://www.aviatorhostel.ru/images/sl_26.jpg, http://www.aviatorhostel.ru/images/sl_28.jpg;Москва;г. Москва, ул. Ольховская д.14, стр.5;Бауманская
53;6 - местный общий номер;6;550;750;1;http://hazelnuthostel.ru/wp-content/uploads/photo-gallery/1_4.JPG;http://hazelnuthostel.ru/wp-content/uploads/photo-gallery/1_1.JPG, http://hazelnuthostel.ru/wp-content/uploads/photo-gallery/1_2.JPG;Москва;г. Москва, ул. Привольная, д. 2, корп. 5;Лермонтовский проспект
54;"6-местный мужской номер
";6;550;750;1;http://hazelnuthostel.ru/wp-content/uploads/photo-gallery/4_2.JPG;http://hazelnuthostel.ru/wp-content/uploads/photo-gallery/5_2.JPG, http://hazelnuthostel.ru/wp-content/uploads/photo-gallery/3_2.JPG;Москва;г. Москва, ул. Привольная, д. 2, корп. 5;Лермонтовский проспект
55;4-местный женский номер;4;650;850;1;http://hazelnuthostel.ru/wp-content/uploads/photo-gallery/3_2%20(1).JPG, ;http://hazelnuthostel.ru/wp-content/uploads/photo-gallery/3_1.JPG, http://hazelnuthostel.ru/wp-content/uploads/photo-gallery/3_4.JPG;Москва;г. Москва, ул. Привольная, д. 2, корп. 5;Лермонтовский проспект
56;2-местный номер с одной кроватью;2;2000;2500;2;http://hazelnuthostel.ru/wp-content/uploads/photo-gallery/9_1.JPG;http://hazelnuthostel.ru/wp-content/uploads/photo-gallery/9_5.JPG, http://hazelnuthostel.ru/wp-content/uploads/photo-gallery/%D0%9D%D0%BE%D0%BC%D0%B5%D1%80_9.JPG, http://hazelnuthostel.ru/wp-content/uploads/photo-gallery/9_2.JPG, http://hazelnuthostel.ru/wp-content/uploads/photo-gallery/9_4.JPG;Москва;г. Москва, ул. Привольная, д. 2, корп. 5;Лермонтовский проспект
57;2-местный номер с 2 кроватями;2;2000;2500;Цена указана за номер;http://hazelnuthostel.ru/wp-content/uploads/photo-gallery/10_2.JPG;http://hazelnuthostel.ru/wp-content/uploads/photo-gallery/10_3.JPG, http://hazelnuthostel.ru/wp-content/uploads/photo-gallery/%D0%9D%D0%BE%D0%BC%D0%B5%D1%80_10.JPG, http://hazelnuthostel.ru/wp-content/uploads/photo-gallery/10_1.JPG;Москва;г. Москва, ул. Привольная, д. 2, корп. 5;Лермонтовский проспект
58;4 местный общий номер;4;650;850;1;http://hazelnuthostel.ru/wp-content/uploads/photo-gallery/5_3.JPG;;Москва;г. Москва, ул. Привольная, д. 2, корп. 5;Лермонтовский проспект
59;2-местный номер с 2 кроватями;2;1800;2200;2;http://hazelnuthostel.ru/wp-content/uploads/photo-gallery/7_1.JPG;;Москва;г. Москва, ул. Привольная, д. 2, корп. 5;Лермонтовский проспект
60;3-местный номер с 3 кроватями;3;2700;3300;3;http://hazelnuthostel.ru/wp-content/uploads/photo-gallery/8_3.JPG;;Москва;г. Москва, ул. Привольная, д. 2, корп. 5;Лермонтовский проспект
61;2 местный номер (одна двухспальная кровать или две отдельных);2;2400;3200;2;http://www.volgogradkahostelrus.ru/images/23.jpg;http://www.volgogradkahostelrus.ru/images/25.jpg;Москва;г. Москва, ул. Жигулевская д. 6, корпус 3;Кузьминки
62;4 местный номер;4;750;850;1;http://www.volgogradkahostelrus.ru/images/18.jpg;http://www.volgogradkahostelrus.ru/images/19.jpg, http://www.volgogradkahostelrus.ru/images/20.jpg, http://www.volgogradkahostelrus.ru/images/21.jpg, http://www.volgogradkahostelrus.ru/images/22.jpg;Москва;г. Москва, ул. Жигулевская д. 6, корпус 3;Кузьминки
63;8 местный номер;8;600;750;1;http://www.volgogradkahostelrus.ru/images/15.jpg;http://www.volgogradkahostelrus.ru/images/14.jpg, http://www.volgogradkahostelrus.ru/images/17.jpg;Москва;г. Москва, ул. Жигулевская д. 6, корпус 3;Кузьминки
64;10 местный женский номер;10;500;650;1;http://www.volgogradkahostelrus.ru/images/01.jpg;http://www.volgogradkahostelrus.ru/images/02.jpg, http://www.volgogradkahostelrus.ru/images/03.jpg, http://www.volgogradkahostelrus.ru/images/06.jpg, http://www.volgogradkahostelrus.ru/images/12.jpg, http://www.volgogradkahostelrus.ru/images/13.jpg, http://www.volgogradkahostelrus.ru/images/08.jpg;Москва;г. Москва, ул. Жигулевская д. 6, корпус 3;Кузьминки
65;12 местный номер;12;500;650;1;http://www.volgogradkahostelrus.ru/images/29.jpg;http://www.volgogradkahostelrus.ru/images/33.jpg, http://www.volgogradkahostelrus.ru/images/34.jpg, http://www.volgogradkahostelrus.ru/images/35.jpg;Москва;г. Москва, ул. Жигулевская д. 6, корпус 3;Кузьминки
66;8-местный общий номер;8;500;600;1;http://hostelrus-msk.ru/wp-content/uploads/photo-gallery/imported_from_media_libray//thumb/E04A9453.jpg;http://hostelrus-msk.ru/wp-content/uploads/photo-gallery/imported_from_media_libray//E04A9463.jpg, http://hostelrus-msk.ru/wp-content/uploads/photo-gallery/imported_from_media_libray//E04A9459.jpg, http://hostelrus-msk.ru/wp-content/uploads/photo-gallery/imported_from_media_libray//E04A9448.jpg, http://hostelrus-msk.ru/wp-content/uploads/photo-gallery/imported_from_media_libray//E04A9436.jpg, http://hostelrus-msk.ru/wp-content/uploads/photo-gallery/imported_from_media_libray//E04A9428.jpg, http://hostelrus-msk.ru/wp-content/uploads/photo-gallery/imported_from_media_libray//%D0%9A%D0%BE%D0%BC%D0%BD%D0%B0%D1%82%D0%B0-%D1%81%D0%B5%D1%80%D0%B0%D1%8F.jpg;Москва;г. Москва, Волгоградский проспект, д. 51;Текстильщики
67;8-местный общий номер;8;500;600;1;http://hostelrus-msk.ru/wp-content/uploads/photo-gallery/imported_from_media_libray//E04A9360.jpg;http://hostelrus-msk.ru/wp-content/uploads/photo-gallery/imported_from_media_libray//E04A9365.jpg, http://hostelrus-msk.ru/wp-content/uploads/photo-gallery/imported_from_media_libray//E04A9362.jpg, http://hostelrus-msk.ru/wp-content/uploads/photo-gallery/imported_from_media_libray//E04A9367.jpg, http://hostelrus-msk.ru/wp-content/uploads/photo-gallery/imported_from_media_libray//E04A9379.jpg, http://hostelrus-msk.ru/wp-content/uploads/photo-gallery/imported_from_media_libray//E04A9377.jpg;Москва;г. Москва, Волгоградский проспект, д. 51;Текстильщики
68;"4-местный женский номер
";4;600;700;1;http://hostelrus-msk.ru/wp-content/uploads/photo-gallery/imported_from_media_libray//E04A9396.jpg;http://hostelrus-msk.ru/wp-content/uploads/photo-gallery/imported_from_media_libray//E04A9389.jpg, http://hostelrus-msk.ru/wp-content/uploads/photo-gallery/imported_from_media_libray//E04A9393.jpg, http://hostelrus-msk.ru/wp-content/uploads/photo-gallery/imported_from_media_libray//E04A9385.jpg;Москва;г. Москва, Волгоградский проспект, д. 51;Текстильщики
69;"3-местный семейный номер
";3;1650;2000;2 (за доп. место +500);http://hostelrus-msk.ru/wp-content/uploads/photo-gallery/imported_from_media_libray//E04A9421.jpg;http://hostelrus-msk.ru/wp-content/uploads/photo-gallery/imported_from_media_libray//E04A9425.jpg, http://hostelrus-msk.ru/wp-content/uploads/photo-gallery/imported_from_media_libray//E04A9423.jpg, http://hostelrus-msk.ru/wp-content/uploads/photo-gallery/imported_from_media_libray//E04A9417.jpg;Москва;г. Москва, Волгоградский проспект, д. 51;Текстильщики
70;2-местный семейный номер;2;1650;2000;2;http://hostelrus-msk.ru/wp-content/uploads/photo-gallery/imported_from_media_libray//E04A9404.jpg;http://hostelrus-msk.ru/wp-content/uploads/photo-gallery/imported_from_media_libray//E04A9413.jpg, http://hostelrus-msk.ru/wp-content/uploads/photo-gallery/imported_from_media_libray//E04A9401.jpg, http://hostelrus-msk.ru/wp-content/uploads/photo-gallery/Lux_2.jpg, http://hostelrus-msk.ru/wp-content/uploads/photo-gallery/Lux_1.jpg;Москва;г. Москва, Волгоградский проспект, д. 51;Текстильщики
71;"12-местный номер (общий)
";12;500;550;1;https://hostelsrus-leninskaya-sloboda.ru/wp-content/uploads/photo-gallery/DSC_3437.jpg;https://hostelsrus-leninskaya-sloboda.ru/wp-content/uploads/photo-gallery/DSC_3440.jpg, https://hostelsrus-leninskaya-sloboda.ru/wp-content/uploads/photo-gallery/DSC_3431.jpg, https://hostelsrus-leninskaya-sloboda.ru/wp-content/uploads/photo-gallery/DSC_3434.jpg;Москва;г. Москва, Кожуховский 1-й проезд, дом № 1/7, этаж 1;Автозаводская
72;8-местный номер (общий, мужской, женский);8;640;800;1;https://hostelsrus-leninskaya-sloboda.ru/wp-content/uploads/photo-gallery/DSC_3387.jpg;https://hostelsrus-leninskaya-sloboda.ru/wp-content/uploads/photo-gallery/DSC_3391.jpg, https://hostelsrus-leninskaya-sloboda.ru/wp-content/uploads/photo-gallery/DSC_3379.jpg, https://hostelsrus-leninskaya-sloboda.ru/wp-content/uploads/photo-gallery/DSC_3388.jpg;Москва;г. Москва, Кожуховский 1-й проезд, дом № 1/7, этаж 1;Автозаводская
73;6-местный номер (общий, мужской, женский);6;680;850;1;https://hostelsrus-leninskaya-sloboda.ru/wp-content/uploads/photo-gallery/DSC_3450.jpg;https://hostelsrus-leninskaya-sloboda.ru/wp-content/uploads/photo-gallery/DSC_3447.jpg, https://hostelsrus-leninskaya-sloboda.ru/wp-content/uploads/photo-gallery/DSC_3360.jpg, https://hostelsrus-leninskaya-sloboda.ru/wp-content/uploads/photo-gallery/DSC_3350.jpg, https://hostelsrus-leninskaya-sloboda.ru/wp-content/uploads/photo-gallery/DSC_3469.jpg, https://hostelsrus-leninskaya-sloboda.ru/wp-content/uploads/photo-gallery/DSC_3466.jpg, https://hostelsrus-leninskaya-sloboda.ru/wp-content/uploads/photo-gallery/DSC_3461.jpg;Москва;г. Москва, Кожуховский 1-й проезд, дом № 1/7, этаж 1;Автозаводская
74;2-местный номер с двуспальной кроватью с собственной ванной комнатой вне номера;2;2150;2800;1;https://hostelsrus-leninskaya-sloboda.ru/wp-content/uploads/photo-gallery/DSC_3473.jpg;https://hostelsrus-leninskaya-sloboda.ru/wp-content/uploads/photo-gallery/DSC_3490.jpg, https://hostelsrus-leninskaya-sloboda.ru/wp-content/uploads/photo-gallery/DSC_3476.jpg, https://hostelsrus-leninskaya-sloboda.ru/wp-content/uploads/photo-gallery/DSC_3485.jpg, https://hostelsrus-leninskaya-sloboda.ru/wp-content/uploads/photo-gallery/DSC_3518.jpg, https://hostelsrus-leninskaya-sloboda.ru/wp-content/uploads/photo-gallery/DSC_3523.jpg;Москва;г. Москва, Кожуховский 1-й проезд, дом № 1/7, этаж 1;Автозаводская
75;2-местный семейный номер с доп. местами;2;1800;2000;Цена указана за номер;http://parkpobedyhostel.ru/wp-content/uploads/photo-gallery/DN6A8669.jpg;http://parkpobedyhostel.ru/wp-content/uploads/photo-gallery/DN6A8679.jpg, http://parkpobedyhostel.ru/wp-content/uploads/photo-gallery/DN6A8674.jpg, http://parkpobedyhostel.ru/wp-content/uploads/photo-gallery/DN6A8681.jpg, http://parkpobedyhostel.ru/wp-content/uploads/photo-gallery/DN6A8682.jpg;Москва;г. Москва, ул. Василисы Кожиной, д.14, к.1;Багратионовская
76;4-местный женский номер;4;777;900;за 1 человека от 3 дней;http://parkpobedyhostel.ru/wp-content/uploads/photo-gallery/DN6A8707.jpg;http://parkpobedyhostel.ru/wp-content/uploads/photo-gallery/DN6A8689.jpg, http://parkpobedyhostel.ru/wp-content/uploads/photo-gallery/DN6A8697.jpg, http://parkpobedyhostel.ru/wp-content/uploads/photo-gallery/DN6A8687.jpg, http://parkpobedyhostel.ru/wp-content/uploads/photo-gallery/DN6A8693.jpg, http://parkpobedyhostel.ru/wp-content/uploads/photo-gallery/DN6A8695.jpg, http://parkpobedyhostel.ru/wp-content/uploads/photo-gallery/DN6A8709.jpg;Москва;г. Москва, ул. Василисы Кожиной, д.14, к.1;Багратионовская
77;6-местный общий номер;6;750;800;1;http://parkpobedyhostel.ru/wp-content/uploads/photo-gallery/DN6A8656.jpg;http://parkpobedyhostel.ru/wp-content/uploads/photo-gallery/DN6A8654.jpg, http://parkpobedyhostel.ru/wp-content/uploads/photo-gallery/DN6A8645.jpg, http://parkpobedyhostel.ru/wp-content/uploads/photo-gallery/DN6A8641.jpg, http://parkpobedyhostel.ru/wp-content/uploads/photo-gallery/DN6A8642.jpg, http://parkpobedyhostel.ru/wp-content/uploads/photo-gallery/DN6A8662.jpg, http://parkpobedyhostel.ru/wp-content/uploads/photo-gallery/DN6A8661.jpg, http://parkpobedyhostel.ru/wp-content/uploads/photo-gallery/DN6A8660.jpg, http://parkpobedyhostel.ru/wp-content/uploads/photo-gallery/DN6A8663.jpg, http://parkpobedyhostel.ru/wp-content/uploads/photo-gallery/DN6A8658.jpg, http://parkpobedyhostel.ru/wp-content/uploads/photo-gallery/DN6A8665.jpg;Москва;г. Москва, ул. Василисы Кожиной, д.14, к.1;Багратионовская
78;8-местный мужской номер;8;650;750;1;http://parkpobedyhostel.ru/wp-content/uploads/photo-gallery/DN6A8772.jpg;http://parkpobedyhostel.ru/wp-content/uploads/photo-gallery/DN6A8914.jpg, http://parkpobedyhostel.ru/wp-content/uploads/photo-gallery/DN6A8912.jpg, http://parkpobedyhostel.ru/wp-content/uploads/photo-gallery/DN6A8909.jpg, http://parkpobedyhostel.ru/wp-content/uploads/photo-gallery/DN6A8907.jpg, http://parkpobedyhostel.ru/wp-content/uploads/photo-gallery/DN6A8913.jpg, http://parkpobedyhostel.ru/wp-content/uploads/photo-gallery/DN6A8915.jpg, http://parkpobedyhostel.ru/wp-content/uploads/photo-gallery/DN6A8658.jpg;Москва;г. Москва, ул. Василисы Кожиной, д.14, к.1;Багратионовская
79;8-местный общий номер;8;600;700;за 1 человека от 5 дней;http://parkpobedyhostel.ru/wp-content/uploads/photo-gallery/DN6A8747.jpg, http://parkpobedyhostel.ru/wp-content/uploads/photo-gallery/DN6A8740.jpg, http://parkpobedyhostel.ru/wp-content/uploads/photo-gallery/DN6A8750.jpg, http://parkpobedyhostel.ru/wp-content/uploads/photo-gallery/DN6A8739.jpg, http://parkpobedyhostel.ru/wp-content/uploads/photo-gallery/DN6A8737.jpg, http://parkpobedyhostel.ru/wp-content/uploads/photo-gallery/DN6A8766.jpg, http://parkpobedyhostel.ru/wp-content/uploads/photo-gallery/DN6A8755.jpg, http://parkpobedyhostel.ru/wp-content/uploads/photo-gallery/DN6A8764.jpg, http://parkpobedyhostel.ru/wp-content/uploads/photo-gallery/DN6A8757.jpg, http://parkpobedyhostel.ru/wp-content/uploads/photo-gallery/DN6A8815.jpg, http://parkpobedyhostel.ru/wp-content/uploads/photo-gallery/DN6A8822.jpg;;Москва;г. Москва, ул. Василисы Кожиной, д.14, к.1;Багратионовская
80;Общий номер на 12 человек;12;550;650;1;http://hostelkutuzovski.ru/images/12-1.JPG;http://hostelkutuzovski.ru/images/12-2.JPG, http://hostelkutuzovski.ru/images/12-3.JPG;Москва;г.Москва, Кутузовский проспект д.35 кв.63;Кутузовская
81;Мужской номер на 10 человек;10;600;700;1;http://hostelkutuzovski.ru/images/10-1.JPG;http://hostelkutuzovski.ru/images/10-2.JPG, http://hostelkutuzovski.ru/images/10-3.JPG;Москва;г.Москва, Кутузовский проспект д.35 кв.63;Кутузовская
82;Женский номер на 6 человек;6;650;750;1;http://hostelkutuzovski.ru/images/6-1.JPG;http://hostelkutuzovski.ru/images/6-2.JPG, http://hostelkutuzovski.ru/images/6-3.JPG;Москва;г.Москва, Кутузовский проспект д.35 кв.63;Кутузовская
83;Двухместный номер;2;1600;2500;2;http://hostelkutuzovski.ru/images/2.JPG;;Москва;г.Москва, Кутузовский проспект д.35 кв.63;Кутузовская
84;8-местный общий номер;8;600;850;1;http://parkkulturyhostel.ru/wp-content/uploads/photo-gallery/8-ka_001.jpg;;Москва;г. Москва, ул. Пречистенка, д.37, стр.2;Парк Культуры
85;6-местный общий номер;6;700;950;1;http://parkkulturyhostel.ru/wp-content/uploads/photo-gallery/6-ka_001.jpg;;Москва;г. Москва, ул. Пречистенка, д.37, стр.2;Парк Культуры
86;4-местный общий номер;4;900;1000;1;http://parkkulturyhostel.ru/wp-content/uploads/photo-gallery/4-ka_001-2.jpg;;Москва;г. Москва, ул. Пречистенка, д.37, стр.2;Парк Культуры
87;2-местный номер;2;3000;3900;Цена указана за номер;http://parkkulturyhostel.ru/wp-content/uploads/photo-gallery/2-ka_light_002.jpg;http://parkkulturyhostel.ru/wp-content/uploads/photo-gallery/2-ka_light_001.jpg, http://parkkulturyhostel.ru/wp-content/uploads/photo-gallery/2-ka_light_002.jpg, http://parkkulturyhostel.ru/wp-content/uploads/photo-gallery/2-ka_light_001.jpg;Москва;г. Москва, ул. Пречистенка, д.37, стр.2;Парк Культуры
88;2-х местный номер;2;3000;3900;Цена указана за номер;http://parkkulturyhostel.ru/wp-content/uploads/photo-gallery/2-ka_dark_002.jpg;http://parkkulturyhostel.ru/wp-content/uploads/photo-gallery/2-ka_dark_001.jpg;Москва;г. Москва, ул. Пречистенка, д.37, стр.2;Парк Культуры
89;Кровать в общем 8-местном номере;8;от 700;от 900;1;http://hostelrusprechist.ru/wp-content/uploads/IMG_3217.jpg;;Москва;г. Москва, Сеченовский переулок д 8 стр 3 (отдельный вход со стороны двора) 1 этаж;Кропоткинская
90;Кровать в 6-местном мужском номере;6;от 800;1100;1;http://hostelrusprechist.ru/wp-content/uploads/photo-gallery/DSC_4170_%D0%BF%D0%B5%D1%87%D0%B0%D1%82%D1%8C.jpg;;Москва;г. Москва, Сеченовский переулок д 8 стр 3 (отдельный вход со стороны двора) 1 этаж;Кропоткинская
91;Кровать в общем 6-местном номере с большим окном;6 (+3 ребенка, рядом с родителями);от 900;1100;1;http://hostelrusprechist.ru/wp-content/uploads/photo-gallery/IMG_3210.JPG;;Москва;г. Москва, Сеченовский переулок д 8 стр 3 (отдельный вход со стороны двора) 1 этаж;Кропоткинская
92;Кровать в 4-местном женском номере;4;от 1100;от 1400;1;http://hostelrusprechist.ru/wp-content/uploads/photo-gallery/imported_from_media_libray/IMG_3167.JPG;http://hostelrusprechist.ru/wp-content/uploads/photo-gallery/imported_from_media_libray/IMG_3178.JPG;Москва;г. Москва, Сеченовский переулок д 8 стр 3 (отдельный вход со стороны двора) 1 этаж;Кропоткинская
93;Семейный номер;Максимальное размещение: 4 взрослых + 1 ребенок до 6 лет. Установка дополнительных кроватей не предусмотрена.;от 3500;5600;Цена указана за номер;http://hostelrusprechist.ru/wp-content/uploads/DSC_4509-HDR_%D0%BF%D0%B5%D1%87%D0%B0%D1%82%D1%8C.jpg;;Москва;г. Москва, Сеченовский переулок д 8 стр 3 (отдельный вход со стороны двора) 1 этаж;Кропоткинская
94;2-местный номер с кроватью «king-size»;2;от 2500;2800;Цена указана за номер;http://hostelrusprechist.ru/wp-content/uploads/IMG_3194.jpg;;Москва;г. Москва, Сеченовский переулок д 8 стр 3 (отдельный вход со стороны двора) 1 этаж;Кропоткинская
95;Улучшенный семейный номер (Красный);4;от 2800;3200;Цена указана за номер;http://arbathostelrus.ru/wp-content/uploads/photo-gallery/IMG_4353.jpg;http://arbathostelrus.ru/wp-content/uploads/photo-gallery/IMG_4355.jpg, http://arbathostelrus.ru/wp-content/uploads/photo-gallery/IMG_4364.jpg, http://arbathostelrus.ru/wp-content/uploads/photo-gallery/IMG_4376.jpg, http://arbathostelrus.ru/wp-content/uploads/photo-gallery/IMG_4372.jpg, http://arbathostelrus.ru/wp-content/uploads/photo-gallery/IMG_4380.jpg;Москва;г. Москва, ул. Арбат, 11;Боровицкая
96;Кровать в 4-х местном номере премиум для девушек (Ванильный);4;от 750;850;1;http://arbathostelrus.ru/wp-content/uploads/photo-gallery/IMG_4406.jpg;http://arbathostelrus.ru/wp-content/uploads/photo-gallery/IMG_4396.jpg, http://arbathostelrus.ru/wp-content/uploads/photo-gallery/IMG_4393.jpg, http://arbathostelrus.ru/wp-content/uploads/photo-gallery/IMG_4397.jpg, http://arbathostelrus.ru/wp-content/uploads/photo-gallery/IMG_4403.jpg, http://arbathostelrus.ru/wp-content/uploads/photo-gallery/IMG_4409.jpg;Москва;г. Москва, ул. Арбат, 11;Боровицкая
97;Кровать в 4-х местном номере (Оранжевый);4;от 700;800;1;http://arbathostelrus.ru/wp-content/uploads/photo-gallery/IMG_4416.jpg;http://arbathostelrus.ru/wp-content/uploads/photo-gallery/IMG_4410.jpg, http://arbathostelrus.ru/wp-content/uploads/photo-gallery/IMG_4411.jpg, http://arbathostelrus.ru/wp-content/uploads/photo-gallery/IMG_4419.jpg, http://arbathostelrus.ru/wp-content/uploads/photo-gallery/IMG_4414.jpg;Москва;г. Москва, ул. Арбат, 11;Боровицкая
98;Кровать в 8-ти местном номере (Лазурный);8;от 500;600;1;http://arbathostelrus.ru/wp-content/uploads/photo-gallery/IMG_4466.jpg;http://arbathostelrus.ru/wp-content/uploads/photo-gallery/IMG_4469.jpg, http://arbathostelrus.ru/wp-content/uploads/photo-gallery/IMG_4475.jpg, http://arbathostelrus.ru/wp-content/uploads/photo-gallery/IMG_4476.jpg, http://arbathostelrus.ru/wp-content/uploads/photo-gallery/IMG_4472.jpg;Москва;г. Москва, ул. Арбат, 11;Боровицкая
99;Кровать в 10-ти местном номере (Мятный);10;от 500;600;1;http://arbathostelrus.ru/wp-content/uploads/photo-gallery/IMG_4431.jpg;http://arbathostelrus.ru/wp-content/uploads/photo-gallery/IMG_4423.jpg, http://arbathostelrus.ru/wp-content/uploads/photo-gallery/IMG_4433.jpg, http://arbathostelrus.ru/wp-content/uploads/photo-gallery/IMG_4434.jpg, http://arbathostelrus.ru/wp-content/uploads/photo-gallery/IMG_4435.jpg, http://arbathostelrus.ru/wp-content/uploads/photo-gallery/IMG_4439.jpg;Москва;г. Москва, ул. Арбат, 11;Боровицкая
100;Кровать в 10-ти местном номере (Зеленый);10;от 500;600;1;http://arbathostelrus.ru/wp-content/uploads/photo-gallery/IMG_4492.jpg;http://arbathostelrus.ru/wp-content/uploads/photo-gallery/IMG_4481.jpg, http://arbathostelrus.ru/wp-content/uploads/photo-gallery/IMG_4501.jpg, http://arbathostelrus.ru/wp-content/uploads/photo-gallery/IMG_4487.jpg, http://arbathostelrus.ru/wp-content/uploads/photo-gallery/IMG_4496.jpg, http://arbathostelrus.ru/wp-content/uploads/photo-gallery/IMG_4482.jpg, http://arbathostelrus.ru/wp-content/uploads/photo-gallery/IMG_4503.jpg;Москва;г. Москва, ул. Арбат, 11;Боровицкая
101;Семейный трехместный номер (Изумрудный);3;от 2500;3000;Цена указана за номер;http://arbathostelrus.ru/wp-content/uploads/photo-gallery/DSC_0761.jpg, http://arbathostelrus.ru/wp-content/uploads/photo-gallery/DSC_0763.jpg, http://arbathostelrus.ru/wp-content/uploads/photo-gallery/DSC_0757.jpg, http://arbathostelrus.ru/wp-content/uploads/photo-gallery/DSC_0767.jpg, http://arbathostelrus.ru/wp-content/uploads/photo-gallery/DSC_0756.jpg, http://arbathostelrus.ru/wp-content/uploads/photo-gallery/DSC_0762.jpg, http://arbathostelrus.ru/wp-content/uploads/photo-gallery/DSC_0776.jpg, http://arbathostelrus.ru/wp-content/uploads/photo-gallery/DSC_0768.jpg, http://arbathostelrus.ru/wp-content/uploads/photo-gallery/DSC_0782.jpg, http://arbathostelrus.ru/wp-content/uploads/photo-gallery/DSC_0780.jpg, http://arbathostelrus.ru/wp-content/uploads/photo-gallery/DSC_0784.jpg;;Москва;г. Москва, ул. Арбат, 11;Боровицкая
102;Семейный четырехместный номер (Панорама);4;от 2800;3200;Цена указана за номер;http://arbathostelrus.ru/wp-content/uploads/photo-gallery/DSC_0789.jpg;http://arbathostelrus.ru/wp-content/uploads/photo-gallery/DSC_0787.jpg, http://arbathostelrus.ru/wp-content/uploads/photo-gallery/DSC_0790.jpg, http://arbathostelrus.ru/wp-content/uploads/photo-gallery/DSC_0788.jpg, http://arbathostelrus.ru/wp-content/uploads/photo-gallery/DSC_0785.jpg, http://arbathostelrus.ru/wp-content/uploads/photo-gallery/DSC_0786.jpg, http://arbathostelrus.ru/wp-content/uploads/photo-gallery/DSC_0792.jpg, http://arbathostelrus.ru/wp-content/uploads/photo-gallery/DSC_0793.jpg, http://arbathostelrus.ru/wp-content/uploads/photo-gallery/DSC_0794.jpg, http://arbathostelrus.ru/wp-content/uploads/photo-gallery/DSC_0796.jpg;Москва;г. Москва, ул. Арбат, 11;Боровицкая
103;Одноместный номер-капсула;1;900;1000;1;http://kitaygorod-hostel.ru/wp-content/uploads/photo-gallery/VY7_6974-HDR.jpg;http://kitaygorod-hostel.ru/wp-content/uploads/photo-gallery/VY7_6985-HDR.jpg, http://kitaygorod-hostel.ru/wp-content/uploads/photo-gallery/VY7_6978-HDR.jpg, http://kitaygorod-hostel.ru/wp-content/uploads/photo-gallery/VY7_6982-HDR.jpg, http://kitaygorod-hostel.ru/wp-content/uploads/photo-gallery/VY7_6999-HDR.jpg, http://kitaygorod-hostel.ru/wp-content/uploads/photo-gallery/VY7_6990-HDR.jpg, http://kitaygorod-hostel.ru/wp-content/uploads/photo-gallery/VY7_6993-HDR.jpg, http://kitaygorod-hostel.ru/wp-content/uploads/photo-gallery/VY7_6996-HDR.jpg;Москва;г. Москва, ул. Маросейка 7/8;Китай-город
104;Одноместный номер-капсула;1;990;1100;1;http://kitaygorod-hostel.ru/wp-content/uploads/photo-gallery/VY7_6971-HDR.jpg, ;http://kitaygorod-hostel.ru/wp-content/uploads/photo-gallery/VY7_6962-HDR.jpg, http://kitaygorod-hostel.ru/wp-content/uploads/photo-gallery/VY7_6968-HDR.jpg, http://kitaygorod-hostel.ru/wp-content/uploads/photo-gallery/VY7_6965-HDR.jpg;Москва;г. Москва, ул. Маросейка 7/8;Китай-город
105;"2-местный семейный номер
";2;2250;2500;2;http://kitaygorod-hostel.ru/wp-content/uploads/photo-gallery/VY7_6938-HDR.jpg;http://kitaygorod-hostel.ru/wp-content/uploads/photo-gallery/VY7_6935-HDR.jpg, http://kitaygorod-hostel.ru/wp-content/uploads/photo-gallery/VY7_6941-HDR-2.jpg, http://kitaygorod-hostel.ru/wp-content/uploads/photo-gallery/VY7_6932-HDR.jpg, http://kitaygorod-hostel.ru/wp-content/uploads/photo-gallery/VY7_6944-HDR.jpg;Москва;г. Москва, ул. Маросейка 7/8;Китай-город
106;2-местный номер (двухспальная кровать);2;2250;2500;2;http://kitaygorod-hostel.ru/wp-content/uploads/photo-gallery/VY7_6947-HDR.jpg;http://kitaygorod-hostel.ru/wp-content/uploads/photo-gallery/VY7_6959-HDR.jpg, http://kitaygorod-hostel.ru/wp-content/uploads/photo-gallery/VY7_6950-HDR.jpg, http://kitaygorod-hostel.ru/wp-content/uploads/photo-gallery/VY7_6953-HDR.jpg;Москва;г. Москва, ул. Маросейка 7/8;Китай-город
107;2-местный номер;2;1800;2400;Цена указана за номер;http://izmaylovohostel.ru/wp-content/uploads/photo-gallery/imported_from_media_libray//2%D0%BA%D0%B0-1.jpg;http://izmaylovohostel.ru/wp-content/uploads/photo-gallery/imported_from_media_libray//2%D0%BA%D0%B0-2.jpg, http://izmaylovohostel.ru/wp-content/uploads/photo-gallery/imported_from_media_libray//2%D0%BA%D0%B0-3.jpg;Москва;"г. Москва, ул. Щербаковская, д. 55
(вход со двора)";Измайлово
108;4-местный номер;4;600;700;1;http://izmaylovohostel.ru/wp-content/uploads/photo-gallery/DSC_7349.jpg;http://izmaylovohostel.ru/wp-content/uploads/photo-gallery/DSC_7345.jpg, http://izmaylovohostel.ru/wp-content/uploads/photo-gallery/DSC_7346.jpg, http://izmaylovohostel.ru/wp-content/uploads/photo-gallery/DSC_7342.jpg, http://izmaylovohostel.ru/wp-content/uploads/photo-gallery/DSC_7344.jpg;Москва;"г. Москва, ул. Щербаковская, д. 55
(вход со двора)";Измайлово
109;8-местный общий номер;8;550;650;1;http://izmaylovohostel.ru/wp-content/uploads/photo-gallery/imported_from_media_libray//DSC_7285%20(2).jpg;http://izmaylovohostel.ru/wp-content/uploads/photo-gallery/imported_from_media_libray//8%D0%BA%D0%B0-1.jpg, http://izmaylovohostel.ru/wp-content/uploads/photo-gallery/imported_from_media_libray//DSC_7286%20(3).jpg, http://izmaylovohostel.ru/wp-content/uploads/photo-gallery/imported_from_media_libray//8%D0%BA%D0%B0-2.jpg;Москва;"г. Москва, ул. Щербаковская, д. 55
(вход со двора)";Измайлово
110;10-местный мужской номер;10;500;550;1;http://izmaylovohostel.ru/wp-content/uploads/photo-gallery/imported_from_media_libray//10%D0%BA%D0%B0-1.jpg;http://izmaylovohostel.ru/wp-content/uploads/photo-gallery/imported_from_media_libray//10%D0%BA%D0%B0-2.jpg, http://izmaylovohostel.ru/wp-content/uploads/photo-gallery/imported_from_media_libray//DSC_7309%20(3).jpg, http://izmaylovohostel.ru/wp-content/uploads/photo-gallery/imported_from_media_libray//10%D0%BA%D0%B0-3.jpg,;Москва;"г. Москва, ул. Щербаковская, д. 55
(вход со двора)";Измайлово
111;10-местный общий номер;10;500;550;1;https://rusakovskayahostel.ru/wp-content/uploads/photo-gallery/DN6A1763.jpg;https://rusakovskayahostel.ru/wp-content/uploads/photo-gallery/DN6A1754.jpg, https://rusakovskayahostel.ru/wp-content/uploads/photo-gallery/DN6A1750.jpg, https://rusakovskayahostel.ru/wp-content/uploads/photo-gallery/DN6A1758.jpg, https://rusakovskayahostel.ru/wp-content/uploads/photo-gallery/DN6A1745.jpg, https://rusakovskayahostel.ru/wp-content/uploads/photo-gallery/DN6A1953.jpg, https://rusakovskayahostel.ru/wp-content/uploads/photo-gallery/DN6A1949.jpg;Москва;г. Москва Попов проезд, д.4, 2 этаж помII;Электрозаводская
112;8-местный общий номер;8;550;600;1;https://rusakovskayahostel.ru/wp-content/uploads/photo-gallery/DN6A1762.jpg;https://rusakovskayahostel.ru/wp-content/uploads/photo-gallery/DN6A1949.jpg, https://rusakovskayahostel.ru/wp-content/uploads/photo-gallery/DN6A1953.jpg;Москва;г. Москва Попов проезд, д.4, 2 этаж помII;Электрозаводская
113;6-местный общий номер;6;600;750;1;https://rusakovskayahostel.ru/wp-content/uploads/photo-gallery/DN6A1828.jpg;https://rusakovskayahostel.ru/wp-content/uploads/photo-gallery/DN6A1826.jpg, https://rusakovskayahostel.ru/wp-content/uploads/photo-gallery/DN6A1942.jpg, https://rusakovskayahostel.ru/wp-content/uploads/photo-gallery/DN6A1937.jpg;Москва;г. Москва Попов проезд, д.4, 2 этаж помII;Электрозаводская
114;4-местный общий номер;4;700;850;1;https://rusakovskayahostel.ru/wp-content/uploads/photo-gallery/DN6A1774.jpg;https://rusakovskayahostel.ru/wp-content/uploads/photo-gallery/DN6A1783.jpg, https://rusakovskayahostel.ru/wp-content/uploads/photo-gallery/DN6A1953.jpg;Москва;г. Москва Попов проезд, д.4, 2 этаж помII;Электрозаводская
115;2-местный номер (комфорт);2;2000;2300;Цена указана за номер;https://rusakovskayahostel.ru/wp-content/uploads/photo-gallery/DN6A1789.jpg;https://rusakovskayahostel.ru/wp-content/uploads/photo-gallery/DN6A1785.jpg, https://rusakovskayahostel.ru/wp-content/uploads/photo-gallery/DN6A1790.jpg;Москва;г. Москва Попов проезд, д.4, 2 этаж помII;Электрозаводская
116;2- местный номер (эконом);2;1800;2000;Цена указана за номер;https://rusakovskayahostel.ru/wp-content/uploads/photo-gallery/DN6A1818.jpg;https://rusakovskayahostel.ru/wp-content/uploads/photo-gallery/DN6A1820.jpg;Москва;г. Москва Попов проезд, д.4, 2 этаж помII;Электрозаводская
117;"2-местный семейный номер с доп. местами
";2;2000;2000;Цена указана за номер доп. место +500 рублей;https://hostel-bakuninskaya.ru/wp-content/uploads/photo-gallery/2_%D0%BC%D0%B5%D1%81%D1%82%D0%BD%D1%8B%D0%B9/WhatsApp_Image_2018-10-13_at_17.31.36.jpeg?bwg=1539582988;https://hostel-bakuninskaya.ru/wp-content/uploads/photo-gallery/2_%D0%BC%D0%B5%D1%81%D1%82%D0%BD%D1%8B%D0%B9/WhatsApp_Image_2018-10-13_at_17.31.37.jpeg?bwg=1539582988, https://hostel-bakuninskaya.ru/wp-content/uploads/photo-gallery/DSC01959.jpg?bwg=1539116256, https://hostel-bakuninskaya.ru/wp-content/uploads/photo-gallery/DSC02065(1).jpg?bwg=1539116256, https://hostel-bakuninskaya.ru/wp-content/uploads/photo-gallery/DSC02068.jpg?bwg=1539116256, https://hostel-bakuninskaya.ru/wp-content/uploads/photo-gallery/DSC01964.jpg?bwg=1539116256, https://hostel-bakuninskaya.ru/wp-content/uploads/photo-gallery/DSC01973%20(1).jpg?bwg=1539116256;Москва;г. Москва, ул. Бакунинская, д. 70;Бауманская
118;2-х местный семейный номер с доп. местами;2;1800;1800;1;https://hostel-bakuninskaya.ru/wp-content/uploads/photo-gallery/WhatsApp_Image_2018-10-21_at_14.54.45.jpeg?bwg=1540214562;https://hostel-bakuninskaya.ru/wp-content/uploads/photo-gallery/WhatsApp_Image_2018-10-21_at_14.54.45(1).jpeg?bwg=1540214350, https://hostel-bakuninskaya.ru/wp-content/uploads/photo-gallery/WhatsApp_Image_2018-10-21_at_14.54.47.jpeg?bwg=1540214123, https://hostel-bakuninskaya.ru/wp-content/uploads/photo-gallery/WhatsApp_Image_2018-10-21_at_14.59.48.jpeg?bwg=1540214123, https://hostel-bakuninskaya.ru/wp-content/uploads/photo-gallery/WhatsApp_Image_2018-10-21_at_14.54.44.jpeg?bwg=1540214123;Москва;г. Москва, ул. Бакунинская, д. 70;Бауманская
119;6-местный номер;6;600;600;1;https://hostel-bakuninskaya.ru/wp-content/uploads/photo-gallery/6_%D0%BC%D0%B5%D1%81%D1%82%D0%BD%D1%8B%D0%B9/DSC01992.jpg?bwg=1539116825;https://hostel-bakuninskaya.ru/wp-content/uploads/photo-gallery/6_%D0%BC%D0%B5%D1%81%D1%82%D0%BD%D1%8B%D0%B9/DSC01993.jpg?bwg=1539116825, https://hostel-bakuninskaya.ru/wp-content/uploads/photo-gallery/6_%D0%BC%D0%B5%D1%81%D1%82%D0%BD%D1%8B%D0%B9/DSC02045(1).jpg?bwg=1539116825, https://hostel-bakuninskaya.ru/wp-content/uploads/photo-gallery/6_%D0%BC%D0%B5%D1%81%D1%82%D0%BD%D1%8B%D0%B9/DSC02001.jpg?bwg=1539116825, https://hostel-bakuninskaya.ru/wp-content/uploads/photo-gallery/6_%D0%BC%D0%B5%D1%81%D1%82%D0%BD%D1%8B%D0%B9/DSC02000.jpg?bwg=1539116825, https://hostel-bakuninskaya.ru/wp-content/uploads/photo-gallery/6_%D0%BC%D0%B5%D1%81%D1%82%D0%BD%D1%8B%D0%B9/DSC02006.jpg?bwg=1539116825, https://hostel-bakuninskaya.ru/wp-content/uploads/photo-gallery/6_%D0%BC%D0%B5%D1%81%D1%82%D0%BD%D1%8B%D0%B9/DSC01999.jpg?bwg=1539116825, https://hostel-bakuninskaya.ru/wp-content/uploads/photo-gallery/6_%D0%BC%D0%B5%D1%81%D1%82%D0%BD%D1%8B%D0%B9/DSC01991%20(1).jpg?bwg=1539116825;Москва;г. Москва, ул. Бакунинская, д. 70;Бауманская
120;7-местный номер;7;600;600;1;https://hostel-bakuninskaya.ru/wp-content/uploads/photo-gallery/7_%D0%BC%D0%B5%D1%81%D1%82%D0%BD%D1%8B%D0%B9/DSC01915.jpg?bwg=1539117158;https://hostel-bakuninskaya.ru/wp-content/uploads/photo-gallery/7_%D0%BC%D0%B5%D1%81%D1%82%D0%BD%D1%8B%D0%B9/DSC02075(1).jpg?bwg=1539117158, https://hostel-bakuninskaya.ru/wp-content/uploads/photo-gallery/7_%D0%BC%D0%B5%D1%81%D1%82%D0%BD%D1%8B%D0%B9/DSC01927.jpg?bwg=1539117158, https://hostel-bakuninskaya.ru/wp-content/uploads/photo-gallery/7_%D0%BC%D0%B5%D1%81%D1%82%D0%BD%D1%8B%D0%B9/DSC01931.jpg?bwg=1539117158, https://hostel-bakuninskaya.ru/wp-content/uploads/photo-gallery/7_%D0%BC%D0%B5%D1%81%D1%82%D0%BD%D1%8B%D0%B9/DSC01929%20(1).jpg?bwg=1539117158;Москва;г. Москва, ул. Бакунинская, д. 70;Бауманская
121;8-местный номер мужской;8;500;500;1;https://hostel-bakuninskaya.ru/wp-content/uploads/photo-gallery/8_%D0%BC%D0%B5%D1%81%D1%82%D0%BD%D1%8B%D0%B9/DSC02032.jpg?bwg=1539117460;https://hostel-bakuninskaya.ru/wp-content/uploads/photo-gallery/8_%D0%BC%D0%B5%D1%81%D1%82%D0%BD%D1%8B%D0%B9/DSC02018.jpg?bwg=1539117460, https://hostel-bakuninskaya.ru/wp-content/uploads/photo-gallery/8_%D0%BC%D0%B5%D1%81%D1%82%D0%BD%D1%8B%D0%B9/DSC02007.jpg?bwg=1539117460, https://hostel-bakuninskaya.ru/wp-content/uploads/photo-gallery/8_%D0%BC%D0%B5%D1%81%D1%82%D0%BD%D1%8B%D0%B9/DSC02014.jpg?bwg=1539117460;Москва;г. Москва, ул. Бакунинская, д. 70;Бауманская
122;8-местный женский номер;8;550;550;1;https://hostel-bakuninskaya.ru/wp-content/uploads/photo-gallery/8_%D0%BC%D0%B5%D1%81%D1%82%D0%BD%D1%8B%D0%B9/DSC02032.jpg?bwg=1539117460;https://hostel-bakuninskaya.ru/wp-content/uploads/photo-gallery/8_%D0%BC%D0%B5%D1%81%D1%82%D0%BD%D1%8B%D0%B9/DSC02018.jpg?bwg=1539117460, https://hostel-bakuninskaya.ru/wp-content/uploads/photo-gallery/8_%D0%BC%D0%B5%D1%81%D1%82%D0%BD%D1%8B%D0%B9/DSC02007.jpg?bwg=1539117460, https://hostel-bakuninskaya.ru/wp-content/uploads/photo-gallery/8_%D0%BC%D0%B5%D1%81%D1%82%D0%BD%D1%8B%D0%B9/DSC02014.jpg?bwg=1539117460;Москва;г. Москва, ул. Бакунинская, д. 70;Бауманская
123;Мужской номер на 10 человек;10;500;750;1;http://hostelrusannino.ru/wp-content/uploads/photo-gallery/IQ6A9569-HDR-Edit_result.jpg;http://hostelrusannino.ru/wp-content/uploads/photo-gallery/IQ6A9584-HDR-Edit_result.jpg, http://hostelrusannino.ru/wp-content/uploads/photo-gallery/IQ6A9579-HDR-Edit_result.jpg;Москва;"г. Москва, Варшавское шоссе дом 160 кор. 1
( вход со двора )";Анинно
124;Общий номер для мужчин и женщин;;500;750;1;http://hostelrusannino.ru/wp-content/uploads/photo-gallery/IQ6A9604-HDR-Edit_result.jpg;http://hostelrusannino.ru/wp-content/uploads/photo-gallery/IQ6A9614-HDR-Edit_result.jpg, http://hostelrusannino.ru/wp-content/uploads/photo-gallery/IQ6A9609-HDR-Edit_result.jpg;Москва;"г. Москва, Варшавское шоссе дом 160 кор. 1
( вход со двора )";Анинно
125;Номер на 4 человека;4;700;800;1;http://hostelrusannino.ru/wp-content/uploads/photo-gallery/IQ6A9594-HDR-Edit_result.jpg;http://hostelrusannino.ru/wp-content/uploads/photo-gallery/IQ6A9589-HDR-Edit_result.jpg, http://hostelrusannino.ru/wp-content/uploads/photo-gallery/IQ6A9599-HDR-Edit_result.jpg;Москва;"г. Москва, Варшавское шоссе дом 160 кор. 1
( вход со двора )";Анинно
126;Двухместный номер розовый;2;1900 (будний день);2500 (праздники, выходные);Цена указана за номер;http://hostelnahim.ru/wp-content/uploads/photo-gallery/IMG_2037-1.jpg;http://hostelnahim.ru/wp-content/uploads/photo-gallery/IMG_2033-1.jpg, http://hostelnahim.ru/wp-content/uploads/photo-gallery/IMG_2031-1.jpg, http://hostelnahim.ru/wp-content/uploads/photo-gallery/IMG_2028-1.jpg, http://hostelnahim.ru/wp-content/uploads/photo-gallery/IMG_2023-1.jpg, http://hostelnahim.ru/wp-content/uploads/photo-gallery/IMG_2041-1.jpg, http://hostelnahim.ru/wp-content/uploads/photo-gallery/IMG_2043-1.jpg, http://hostelnahim.ru/wp-content/uploads/photo-gallery/IMG_2042-1.jpg;Москва;г. Москва, пр-кт Нахимовский, д. 7, корп. 1;Нахимовский проспект
127;Двухместный номер сирень + ребенок (доп место);2;1900 (будний день);2500 (праздники, выходные);Цена указана за номер;http://hostelnahim.ru/wp-content/uploads/photo-gallery/IMG_2206-1.jpg;http://hostelnahim.ru/wp-content/uploads/photo-gallery/IMG_2207-1.jpg, http://hostelnahim.ru/wp-content/uploads/photo-gallery/IMG_2202-1.jpg, http://hostelnahim.ru/wp-content/uploads/photo-gallery/IMG_2204-1.jpg, http://hostelnahim.ru/wp-content/uploads/photo-gallery/IMG_2205-1.jpg, http://hostelnahim.ru/wp-content/uploads/photo-gallery/IMG_2213-1.jpg, http://hostelnahim.ru/wp-content/uploads/photo-gallery/IMG_2209-1.jpg;Москва;г. Москва, пр-кт Нахимовский, д. 7, корп. 1;Нахимовский проспект
128;Двухместный номер желтый + ребенок (доп место);2;1900 (будний день);2500 (праздники, выходные);Цена указана за номер;http://hostelnahim.ru/wp-content/uploads/photo-gallery/IMG_2162-1.jpg;http://hostelnahim.ru/wp-content/uploads/photo-gallery/IMG_2158-1.jpg, http://hostelnahim.ru/wp-content/uploads/photo-gallery/IMG_2165-1.jpg, http://hostelnahim.ru/wp-content/uploads/photo-gallery/IMG_2163-1.jpg, http://hostelnahim.ru/wp-content/uploads/photo-gallery/IMG_2160-1.jpg, http://hostelnahim.ru/wp-content/uploads/photo-gallery/IMG_2190-1.jpg, http://hostelnahim.ru/wp-content/uploads/photo-gallery/IMG_2187-1.jpg, http://hostelnahim.ru/wp-content/uploads/photo-gallery/IMG_2191-1.jpg, http://hostelnahim.ru/wp-content/uploads/photo-gallery/IMG_2195-1.jpg, http://hostelnahim.ru/wp-content/uploads/photo-gallery/IMG_2194-1.jpg, http://hostelnahim.ru/wp-content/uploads/photo-gallery/IMG_2193-1.jpg;Москва;г. Москва, пр-кт Нахимовский, д. 7, корп. 1;Нахимовский проспект
129;"Женский номер на 9 человек
";9;550;750;1;http://hostelnahim.ru/wp-content/uploads/photo-gallery/IMG_2136-1.jpg;http://hostelnahim.ru/wp-content/uploads/photo-gallery/IMG_2131-1.jpg, http://hostelnahim.ru/wp-content/uploads/photo-gallery/IMG_2143-1.jpg, http://hostelnahim.ru/wp-content/uploads/photo-gallery/IMG_2137-1.jpg, http://hostelnahim.ru/wp-content/uploads/photo-gallery/IMG_2140-1.jpg, http://hostelnahim.ru/wp-content/uploads/photo-gallery/IMG_2149-1.jpg, http://hostelnahim.ru/wp-content/uploads/photo-gallery/IMG_2141-1.jpg, http://hostelnahim.ru/wp-content/uploads/photo-gallery/IMG_2151-1.jpg;Москва;г. Москва, пр-кт Нахимовский, д. 7, корп. 1;Нахимовский проспект
130;Мужской номер на 9 человек;9;550;750;1;http://hostelnahim.ru/wp-content/uploads/photo-gallery/IMG_2093-1.jpg;http://hostelnahim.ru/wp-content/uploads/photo-gallery/IMG_2074-1.jpg, http://hostelnahim.ru/wp-content/uploads/photo-gallery/IMG_2079-1.jpg, http://hostelnahim.ru/wp-content/uploads/photo-gallery/IMG_2070-1.jpg, http://hostelnahim.ru/wp-content/uploads/photo-gallery/IMG_2082-1.jpg;Москва;г. Москва, пр-кт Нахимовский, д. 7, корп. 1;Нахимовский проспект
131;Общий номер на 8 человек;8;590;800;1;http://hostelnahim.ru/wp-content/uploads/photo-gallery/IMG_2238-1.jpg;http://hostelnahim.ru/wp-content/uploads/photo-gallery/IMG_2240-1.jpg, http://hostelnahim.ru/wp-content/uploads/photo-gallery/IMG_2246-1.jpg, http://hostelnahim.ru/wp-content/uploads/photo-gallery/IMG_2242-1.jpg, http://hostelnahim.ru/wp-content/uploads/photo-gallery/IMG_2244-1.jpg;Москва;г. Москва, пр-кт Нахимовский, д. 7, корп. 1;Нахимовский проспект
132;Общий номер на 7 человек;7;650;900;1;http://hostelnahim.ru/wp-content/uploads/photo-gallery/IMG_2110-1.jpg;http://hostelnahim.ru/wp-content/uploads/photo-gallery/IMG_2112-1.jpg, http://hostelnahim.ru/wp-content/uploads/photo-gallery/IMG_2114-1.jpg, http://hostelnahim.ru/wp-content/uploads/photo-gallery/IMG_2111-1.jpg, http://hostelnahim.ru/wp-content/uploads/photo-gallery/IMG_2107-1.jpg, http://hostelnahim.ru/wp-content/uploads/photo-gallery/IMG_2108-1.jpg, http://hostelnahim.ru/wp-content/uploads/photo-gallery/IMG_2123-1.jpg;Москва;г. Москва, пр-кт Нахимовский, д. 7, корп. 1;Нахимовский проспект
133;Общий номер на 6 человек;6;650;900;1;http://hostelnahim.ru/wp-content/uploads/photo-gallery/IMG_2235-1.jpg;http://hostelnahim.ru/wp-content/uploads/photo-gallery/IMG_2227-1.jpg;Москва;г. Москва, пр-кт Нахимовский, д. 7, корп. 1;Нахимовский проспект
134;Семейный номер;;2200;2450;Цена указана за номер;http://www.kolomenskiyhostel.ru/images/photo_09.jpg;http://www.kolomenskiyhostel.ru/images/photo_08.jpg, http://www.kolomenskiyhostel.ru/images/photo_10.jpg;Москва;г. Москва, Коломенский проезд, д.21;Коломенская
135;Мужской, женский номер на 4 человек;4;750;800;1;http://www.kolomenskiyhostel.ru/images/photo_12.jpg;http://www.kolomenskiyhostel.ru/images/photo_11.jpg, http://www.kolomenskiyhostel.ru/images/photo_13.jpg, http://www.kolomenskiyhostel.ru/images/photo_18.jpg, http://www.kolomenskiyhostel.ru/images/photo_19.jpg, http://www.kolomenskiyhostel.ru/images/photo_20.jpg, http://www.kolomenskiyhostel.ru/images/photo_21.jpg;Москва;г. Москва, Коломенский проезд, д.21;Коломенская
136;Женский номер на 8 человек;8;650;700;1;http://www.kolomenskiyhostel.ru/images/photo_14.jpg;http://www.kolomenskiyhostel.ru/images/photo_15.jpg, http://www.kolomenskiyhostel.ru/images/photo_16.jpg, http://www.kolomenskiyhostel.ru/images/photo_17.jpg;Москва;г. Москва, Коломенский проезд, д.21;Коломенская
137;Мужской номер на 6 человек;6;700;750;1;http://www.kolomenskiyhostel.ru/images/photo_04.jpg;http://www.kolomenskiyhostel.ru/images/photo_03.jpg;Москва;г. Москва, Коломенский проезд, д.21;Коломенская
138;Смешанный номер на 8 человек;8;650;700;1;http://www.kolomenskiyhostel.ru/images/photo_02.jpg;http://www.kolomenskiyhostel.ru/images/photo_22.jpg, http://www.kolomenskiyhostel.ru/images/photo_23.jpg, http://www.kolomenskiyhostel.ru/images/photo_24.jpg, http://www.kolomenskiyhostel.ru/images/photo_25.jpg;Москва;г. Москва, Коломенский проезд, д.21;Коломенская
139;"""Double"" 2-х местный";2;2000;2200;2;http://www.kolomenskiyhostel.ru/images/photo_01.jpg;http://www.kolomenskiyhostel.ru/images/photo_05.jpg, http://www.kolomenskiyhostel.ru/images/photo_06.jpg, http://www.kolomenskiyhostel.ru/images/photo_07.jpg;Москва;г. Москва, Коломенский проезд, д.21;Коломенская
140;6 местный общий номер;6;570;670;1;https://yugozapadnayahostel.ru/wp-content/uploads/photo-gallery/nomera_4.jpg;;Москва;"г. Москва, ул. Академика Анохина, д.5, корп.2
(отдельный вход со стороны двора)";Юго-Западная
141;8 местный общий номер;8;500;650;1;https://yugozapadnayahostel.ru/wp-content/uploads/photo-gallery/nomera_1.jpg;https://yugozapadnayahostel.ru/wp-content/uploads/photo-gallery/nomera_2.jpg, https://yugozapadnayahostel.ru/wp-content/uploads/photo-gallery/nomera_3.jpg;Москва;"г. Москва, ул. Академика Анохина, д.5, корп.2
(отдельный вход со стороны двора)";Юго-Западная
142;4 местный общий номер;4;650;750;1;https://yugozapadnayahostel.ru/wp-content/uploads/photo-gallery/nomera_5.jpg ;https://yugozapadnayahostel.ru/wp-content/uploads/photo-gallery/nomera_6.jpg, https://yugozapadnayahostel.ru/wp-content/uploads/photo-gallery/nomera_7.jpg, https://yugozapadnayahostel.ru/wp-content/uploads/photo-gallery/nomera_8.jpg;Москва;"г. Москва, ул. Академика Анохина, д.5, корп.2
(отдельный вход со стороны двора)";Юго-Западная
143;"6 местный женский номер
";6;600;700;1;https://yugozapadnayahostel.ru/wp-content/uploads/photo-gallery/s0l_3.jpg;https://yugozapadnayahostel.ru/wp-content/uploads/photo-gallery/s0l_4.jpg;Москва;"г. Москва, ул. Академика Анохина, д.5, корп.2
(отдельный вход со стороны двора)";Юго-Западная
144;6 местный мужской номер;6;650;700;1;https://yugozapadnayahostel.ru/wp-content/uploads/photo-gallery/s0l_1.jpg;https://yugozapadnayahostel.ru/wp-content/uploads/photo-gallery/s0l_2.jpg;Москва;"г. Москва, ул. Академика Анохина, д.5, корп.2
(отдельный вход со стороны двора)";Юго-Западная
145;2 местный номер с двумя односпальными кроватями или 1 двуспальной кроватью (TWN);2;1870;2000;Цена указана за номер;https://yugozapadnayahostel.ru/wp-content/uploads/photo-gallery/s0l_5.jpg;https://yugozapadnayahostel.ru/wp-content/uploads/photo-gallery/s0l_6.jpg, https://yugozapadnayahostel.ru/wp-content/uploads/photo-gallery/s0l_7.jpg;Москва;"г. Москва, ул. Академика Анохина, д.5, корп.2
(отдельный вход со стороны двора)";Юго-Западная
146;2 местный номер с двуспальной кроватью, с отдельным санузлом и душевой (DBL);2;2650;3000;Цена указана за номер;https://yugozapadnayahostel.ru/wp-content/uploads/photo-gallery/s0l_8.jpg;https://yugozapadnayahostel.ru/wp-content/uploads/photo-gallery/s0l_9.jpg, https://yugozapadnayahostel.ru/wp-content/uploads/photo-gallery/s0l_10.jpg, https://yugozapadnayahostel.ru/wp-content/uploads/photo-gallery/s0l_11.jpg, https://yugozapadnayahostel.ru/wp-content/uploads/photo-gallery/s0l_12.jpg;Москва;"г. Москва, ул. Академика Анохина, д.5, корп.2
(отдельный вход со стороны двора)";Юго-Западная